624.jpg	降 飞 淀 惶
1929.jpg	剿 解 晦 椒
2287.jpg	借 哥 椒 贯
2117.jpg	挡 阿 淀 档
2547.jpg	椒 淡 妇 贯
409.jpg	巩 幌 会 夺
522.jpg	蛋 浇 监 党
483.jpg	共 借 缴 哥
1249.jpg	孩 活 话 矫
339.jpg	畸 当 勾 规
1262.jpg	节 幌 患 稼
1293.jpg	节 焦 剿 歌
2203.jpg	幌 旱 肩 勾
172.jpg	皆 贯 婚 害
1422.jpg	硅 恢 挡 角
1429.jpg	弹 刀 获 惑
2166.jpg	荡 假 兼 瑰
947.jpg	婚 获 获 惯
182.jpg	幻 幅 阿 弹
406.jpg	角 姜 广 飞
2585.jpg	介 哥 洁 刀
2825.jpg	畸 还 巩 氦
2909.jpg	甲 畸 甲 还
2603.jpg	会 沪 回 惑
2013.jpg	坚 惯 解 惯
443.jpg	荡 睫 广 归
1627.jpg	碘 幌 会 介
655.jpg	窖 浇 伏 弓
1796.jpg	挥 幻 规 戒
812.jpg	旱 交 骇 肺
1313.jpg	阿 角 矫 恢
1179.jpg	讲 规 挥 幅
945.jpg	幌 吉 画 甲
1213.jpg	勾 交 圾 华
956.jpg	弹 晦 海 姜
1063.jpg	幅 飞 啊 飞
874.jpg	韩 杰 华 患
903.jpg	肺 肩 晦 节
1536.jpg	圾 积 蛋 荤
2568.jpg	惶 抖 监 淡
1539.jpg	监 卉 档 巩
1465.jpg	荤 还 悔 当
2719.jpg	喊 贯 窖 患
1176.jpg	党 华 肩 江
1205.jpg	悔 喊 惶 洁
248.jpg	窖 阶 还 婚
35.jpg	弓 尖 缴 广
2833.jpg	寒 巩 诞 戒
1909.jpg	告 矫 洁 诞
1423.jpg	监 夺 伏 阶
72.jpg	诞 广 鸡 弓
1333.jpg	哥 勾 皆 会
927.jpg	广 降 海 淀
1072.jpg	幅 假 当 晦
2216.jpg	害 规 寒 甲
1635.jpg	飞 睫 活 荤
2019.jpg	回 坚 飞 碘
1259.jpg	哥 硅 节 脚
1518.jpg	硅 喊 挡 焦
277.jpg	硅 淡 讲 海
1858.jpg	汇 欢 将 挡
1749.jpg	告 杰 碘 阶
1002.jpg	瑰 规 亥 获
848.jpg	浇 讲 憨 喊
2186.jpg	还 假 喊 椒
1108.jpg	坚 悔 圾 归
1003.jpg	甲 监 沪 窖
1159.jpg	戒 话 惑 荡
1992.jpg	氦 回 圾 戒
1405.jpg	巩 海 解 吉
2876.jpg	芥 积 焦 硅
2219.jpg	积 碘 悔 脚
526.jpg	晦 交 杰 还
2286.jpg	恢 脚 光 旱
1675.jpg	幅 抖 寒 抖
2558.jpg	华 夺 吉 黄
595.jpg	歌 怀 尖 皆
742.jpg	画 圾 稼 讲
2194.jpg	尖 蛋 黄 皆
2739.jpg	淀 挥 发 患
463.jpg	蛋 哥 角 话
1608.jpg	患 较 阿 兼
1653.jpg	飞 江 惶 戒
1564.jpg	杰 硅 戒 惶
2455.jpg	告 贯 硅 匠
118.jpg	回 缴 讲 活
1502.jpg	海 降 骇 瑰
879.jpg	氦 挥 悔 戒
2145.jpg	幌 较 幻 画
1825.jpg	监 规 弹 积
2678.jpg	患 幻 孩 荡
356.jpg	借 电 啊 害
1357.jpg	沪 睫 假 矫
98.jpg	阿 憨 甲 交
1066.jpg	惑 弹 欢 肺
2807.jpg	畸 积 积 妇
2889.jpg	荡 皆 伏 告
1748.jpg	幌 皆 甲 黄
99.jpg	刀 吉 诞 积
869.jpg	皆 畸 汇 甲
2208.jpg	江 氦 伏 吉
2433.jpg	归 抖 降 华
598.jpg	喊 硅 酵 稼
1865.jpg	弓 夺 害 画
1085.jpg	幻 惶 妇 碘
414.jpg	降 获 弹 硅
503.jpg	介 皆 害 档
1717.jpg	憨 告 沪 节
1365.jpg	戒 哥 挡 皆
464.jpg	姜 弓 党 伏
2277.jpg	假 卉 惯 惯
2448.jpg	洁 甲 稼 贯
1513.jpg	汇 怀 洁 瑰
447.jpg	骇 睫 夺 规
1647.jpg	圾 介 挡 解
253.jpg	诞 广 沪 骇
2516.jpg	鸡 瑰 氦 卉
2049.jpg	活 鸡 悔 刀
865.jpg	活 阿 欢 酵
1862.jpg	婚 还 广 光
1077.jpg	兼 较 巩 妇
282.jpg	广 脚 飞 告
2319.jpg	共 监 幻 吉
875.jpg	蛋 飞 剿 患
2043.jpg	幌 焦 戒 活
1146.jpg	歌 芥 骇 降
2634.jpg	旱 抖 荡 活
1558.jpg	发 亥 患 刀
1132.jpg	共 积 焦 晦
566.jpg	浇 剿 获 诞
2072.jpg	焦 角 弓 焦
376.jpg	刀 荤 荡 广
2969.jpg	党 怀 沪 兼
1966.jpg	弓 活 江 哥
2858.jpg	讲 汇 话 妇
268.jpg	椒 缴 晦 惯
2114.jpg	肺 韩 杰 惶
324.jpg	妇 戒 皆 还
1698.jpg	圾 悔 积 交
1345.jpg	飞 货 回 浇
1754.jpg	话 规 还 巩
469.jpg	婚 荡 挥 沪
1767.jpg	弹 寒 害 货
1055.jpg	瑰 发 鸡 欢
1356.jpg	憨 规 歌 挥
953.jpg	汇 挡 坚 畸
755.jpg	荡 光 沪 回
1876.jpg	憨 皆 抖 弹
354.jpg	电 幻 讲 婚
434.jpg	货 啊 汇 孩
2176.jpg	将 悔 积 活
2414.jpg	淀 会 货 窖
849.jpg	荡 较 鸡 还
423.jpg	吉 阿 甲 碘
1912.jpg	画 喊 讲 硅
1029.jpg	党 广 恢 画
2233.jpg	肩 回 矫 货
885.jpg	惶 剿 借 窖
775.jpg	韩 借 讲 汇
2964.jpg	共 华 幅 恢
2422.jpg	幌 货 挡 广
2959.jpg	获 皆 妇 圾
1989.jpg	荤 解 江 啊
2632.jpg	广 刀 恢 惑
1729.jpg	骇 惯 刀 姜
1903.jpg	夺 发 节 碘
68.jpg	夺 角 碘 诞
584.jpg	货 矫 皆 发
1073.jpg	碘 淀 缴 匠
2124.jpg	瑰 节 兼 荡
2695.jpg	贯 骇 瑰 妇
272.jpg	刀 发 姜 寒
1726.jpg	会 监 姜 浑
1199.jpg	歌 光 害 孩
2158.jpg	卉 歌 光 档
363.jpg	杰 匠 飞 货
116.jpg	解 旱 抖 骇
1296.jpg	电 哥 窖 窖
1975.jpg	江 洁 积 飞
2639.jpg	淡 欢 圾 挡
459.jpg	当 还 睫 黄
1026.jpg	瑰 较 妇 勾
808.jpg	活 角 借 规
2764.jpg	监 告 浇 洁
578.jpg	贯 降 惑 浇
2423.jpg	坚 坚 监 骇
1067.jpg	讲 妇 诞 脚
2459.jpg	缴 寒 电 角
1235.jpg	话 淀 韩 稼
1544.jpg	矫 匠 江 回
73.jpg	将 黄 江 弓
1482.jpg	诞 浇 皆 刀
653.jpg	惶 稼 规 弓
1615.jpg	吉 瑰 勾 啊
607.jpg	氦 杰 甲 惯
2068.jpg	惯 芥 告 阶
828.jpg	电 弓 圾 睫
1993.jpg	角 共 姜 海
2427.jpg	档 刀 会 挥
2598.jpg	椒 货 将 告
838.jpg	孩 假 硅 光
1785.jpg	皆 矫 刀 电
2273.jpg	荡 诞 获 惑
2347.jpg	幅 害 假 睫
1107.jpg	光 脚 缴 降
1497.jpg	尖 讲 将 挡
1068.jpg	害 货 肩 挡
2005.jpg	降 抖 恢 夺
1822.jpg	瑰 幻 海 党
2283.jpg	沪 尖 氦 降
194.jpg	坚 寒 告 骇
136.jpg	缴 海 挥 电
699.jpg	畸 交 华 较
2534.jpg	浇 旱 淡 卉
2957.jpg	较 脚 画 睫
393.jpg	窖 还 韩 汇
1372.jpg	抖 荤 较 寒
803.jpg	害 党 亥 圾
24.jpg	幌 光 惯 阶
1759.jpg	瑰 画 卉 沪
129.jpg	稼 卉 骇 归
1436.jpg	档 档 巩 华
2053.jpg	惶 汇 蛋 洁
243.jpg	椒 畸 江 将
1968.jpg	憨 话 诞 惑
1693.jpg	归 孩 发 将
1323.jpg	共 江 缴 吉
1407.jpg	氦 鸡 戒 焦
1415.jpg	圾 汇 巩 发
2255.jpg	怀 妇 幻 畸
1203.jpg	幌 党 怀 介
2442.jpg	广 飞 畸 积
824.jpg	幅 婚 亥 规
102.jpg	圾 亥 脚 归
2849.jpg	兼 婚 挥 介
2489.jpg	稼 缴 孩 诞
2883.jpg	归 幻 憨 发
2012.jpg	皆 稼 活 夺
1535.jpg	婚 幌 回 恢
1677.jpg	画 晦 韩 瑰
2566.jpg	圾 淀 寒 碘
53.jpg	阶 弓 歌 卉
2314.jpg	矫 焦 悔 飞
2838.jpg	档 货 货 光
365.jpg	欢 将 货 椒
1434.jpg	窖 瑰 焦 惑
342.jpg	党 江 荤 海
2569.jpg	交 矫 吉 啊
275.jpg	广 妇 抖 夺
2025.jpg	尖 稼 共 圾
2477.jpg	归 海 害 晦
1499.jpg	广 患 当 尖
908.jpg	洁 恢 匠 椒
2788.jpg	芥 杰 睫 阿
1944.jpg	酵 焦 较 伏
1704.jpg	啊 党 浇 悔
2066.jpg	淀 怀 匠 歌
453.jpg	寒 尖 解 告
2523.jpg	弓 解 亥 怀
2517.jpg	电 坚 浑 话
1258.jpg	寒 阿 惯 沪
2942.jpg	假 画 巩 轨
1879.jpg	荡 脚 轨 海
205.jpg	较 憨 酵 淡
1919.jpg	勾 电 华 党
2447.jpg	党 档 阿 椒
1574.jpg	光 惑 甲 弓
262.jpg	惑 悔 皆 稼
259.jpg	当 悔 借 节
228.jpg	欢 将 货 交
2956.jpg	刀 椒 监 焦
544.jpg	窖 伏 惯 吉
825.jpg	挡 夺 黄 伏
2167.jpg	幻 幌 焦 椒
237.jpg	发 货 浑 姜
1164.jpg	妇 憨 蛋 焦
576.jpg	惑 洁 甲 汇
2434.jpg	将 江 欢 椒
946.jpg	勾 挡 货 淡
1444.jpg	借 幅 恢 哥
428.jpg	较 喊 勾 话
657.jpg	勾 积 骇 欢
1419.jpg	抖 戒 啊 监
1638.jpg	孩 交 氦 降
1874.jpg	档 归 轨 卉
1198.jpg	淀 档 皆 假
829.jpg	睫 幅 弓 害
1517.jpg	亥 阿 患 飞
902.jpg	悔 哥 较 皆
1303.jpg	浇 弓 矫 欢
2797.jpg	剿 晦 浑 归
999.jpg	碘 货 洁 角
675.jpg	畸 浑 荤 芥
1972.jpg	监 孩 较 皆
2824.jpg	瑰 较 档 规
88.jpg	皆 还 解 淀
2812.jpg	华 贯 归 阿
837.jpg	欢 憨 华 江
2814.jpg	尖 广 阿 节
2086.jpg	洁 悔 夺 光
524.jpg	碘 弹 讲 华
1318.jpg	阿 杰 戒 阿
234.jpg	回 睫 飞 妇
1232.jpg	甲 卉 规 害
694.jpg	惑 坚 将 吉
15.jpg	尖 蛋 圾 讲
678.jpg	规 降 稼 荡
1484.jpg	圾 刀 汇 回
853.jpg	哥 婚 悔 匠
2073.jpg	诞 告 轨 货
1732.jpg	怀 还 患 怀
2215.jpg	怀 沪 告 阶
727.jpg	话 氦 妇 江
1689.jpg	旱 喊 将 幻
615.jpg	刀 将 抖 窖
1938.jpg	角 婚 讲 浑
1049.jpg	规 孩 恢 浇
2633.jpg	畸 孩 回 惯
2395.jpg	巩 欢 甲 矫
2125.jpg	杰 畸 浇 幻
188.jpg	芥 睫 货 话
1186.jpg	讲 矫 欢 鸡
256.jpg	档 甲 圾 坚
1763.jpg	轨 荡 弓 回
347.jpg	鸡 尖 挡 睫
474.jpg	韩 淀 弹 黄
736.jpg	剿 幌 刀 肩
622.jpg	监 海 解 海
2752.jpg	较 亥 画 获
75.jpg	杰 氦 汇 阶
1764.jpg	活 氦 怀 稼
1986.jpg	患 啊 挡 碘
749.jpg	江 甲 惑 告
2346.jpg	稼 骇 啊 肺
2446.jpg	话 酵 幻 骇
2018.jpg	刀 话 贯 圾
1087.jpg	亥 酵 氦 告
2335.jpg	回 归 鸡 鸡
298.jpg	惑 害 卉 鸡
137.jpg	幌 卉 酵 档
2879.jpg	浇 解 沪 监
2616.jpg	悔 惶 旱 活
42.jpg	蛋 伏 啊 怀
1694.jpg	蛋 刀 电 焦
1007.jpg	介 碘 卉 淡
2034.jpg	瑰 较 卉 脚
2213.jpg	角 海 欢 晦
1996.jpg	贯 睫 交 戒
628.jpg	害 兼 婚 蛋
546.jpg	汇 氦 轨 归
1106.jpg	杰 卉 旱 婚
1948.jpg	芥 幌 兼 当
1949.jpg	欢 规 将 节
505.jpg	皆 幅 幻 阿
2949.jpg	夺 瑰 诞 档
215.jpg	伏 幅 归 巩
2352.jpg	归 矫 规 监
329.jpg	假 吉 肺 节
2862.jpg	矫 坚 活 畸
868.jpg	借 介 画 氦
2692.jpg	啊 话 戒 挥
2704.jpg	晦 活 交 黄
863.jpg	伏 窖 话 哥
2374.jpg	皆 妇 沪 海
2307.jpg	规 肩 卉 兼
1446.jpg	轨 硅 姜 缴
854.jpg	节 货 戒 甲
2712.jpg	旱 海 惯 抖
1533.jpg	当 获 喊 矫
1209.jpg	活 广 江 韩
128.jpg	话 皆 浑 活
974.jpg	鸡 华 淀 沪
448.jpg	姜 妇 勾 歌
2636.jpg	酵 匠 幻 归
415.jpg	广 浇 旱 孩
1662.jpg	弹 监 吉 积
2614.jpg	巩 淡 活 讲
2578.jpg	假 皆 还 话
325.jpg	解 喊 节 睫
2507.jpg	皆 害 轨 悔
1078.jpg	轨 啊 借 晦
1746.jpg	黄 瑰 氦 洁
1872.jpg	将 姜 勾 欢
1155.jpg	回 勾 悔 欢
2492.jpg	刀 当 荤 还
58.jpg	悔 幻 酵 汇
156.jpg	肩 节 焦 歌
115.jpg	惶 海 戒 积
1682.jpg	挥 甲 浑 害
1362.jpg	椒 巩 欢 华
1496.jpg	惑 汇 节 幌
2716.jpg	当 哥 稼 啊
1835.jpg	硅 患 亥 亥
1379.jpg	畸 介 缴 沪
599.jpg	恢 挥 欢 介
1319.jpg	货 党 广 憨
1177.jpg	晦 回 诞 飞
176.jpg	憨 交 夺 畸
1974.jpg	惶 监 鸡 淡
2029.jpg	华 档 酵 挡
2146.jpg	睫 剿 轨 贯
1263.jpg	讲 杰 荡 惑
2439.jpg	孩 借 妇 硅
1883.jpg	剿 淀 亥 圾
164.jpg	荡 尖 贯 芥
1242.jpg	巩 婚 飞 睫
1528.jpg	寒 广 晦 兼
7.jpg	惯 旱 挡 恢
1936.jpg	积 介 亥 哥
2746.jpg	较 归 喊 杰
2845.jpg	还 将 挡 解
1426.jpg	幻 飞 共 交
2398.jpg	氦 肺 畸 卉
2967.jpg	妇 较 芥 戒
178.jpg	会 瑰 夺 话
2418.jpg	晦 晦 寒 挥
2707.jpg	氦 挥 尖 将
2989.jpg	获 惑 伏 姜
713.jpg	稼 酵 假 幌
1878.jpg	假 脚 戒 告
1114.jpg	回 获 归 晦
2293.jpg	讲 电 稼 缴
613.jpg	归 浇 幻 剿
138.jpg	晦 吉 稼 阿
295.jpg	夺 汇 惯 诞
2138.jpg	亥 悔 监 睫
2733.jpg	鸡 兼 歌 妇
1173.jpg	瑰 节 欢 肩
1786.jpg	淀 借 刀 剿
1127.jpg	碘 伏 幻 吉
2594.jpg	广 悔 欢 稼
1059.jpg	脚 害 监 淡
2197.jpg	矫 讲 害 夺
1124.jpg	洁 监 会 解
65.jpg	亥 档 巩 角
2343.jpg	害 姜 回 芥
954.jpg	稼 获 沪 会
187.jpg	皆 焦 氦 鸡
403.jpg	姜 洁 畸 匠
2059.jpg	阶 骇 荡 戒
695.jpg	轨 光 稼 画
2699.jpg	挡 当 幅 骇
572.jpg	弓 坚 归 共
445.jpg	规 挥 发 兼
316.jpg	挡 淡 惯 旱
267.jpg	浇 阿 角 兼
2288.jpg	怀 骇 芥 监
1216.jpg	肩 交 发 喊
2195.jpg	戒 江 焦 光
2223.jpg	将 轨 杰 尖
1898.jpg	芥 将 喊 碘
2635.jpg	货 洁 较 硅
1658.jpg	畸 缴 硅 骇
2995.jpg	档 活 幻 夺
1462.jpg	规 骇 硅 硅
1603.jpg	华 碘 幅 介
1207.jpg	窖 怀 巩 货
2304.jpg	碘 芥 孩 妇
1757.jpg	浇 亥 稼 芥
684.jpg	尖 吉 解 鸡
246.jpg	戒 荡 共 卉
38.jpg	轨 解 肺 幌
2369.jpg	活 回 椒 氦
1358.jpg	憨 介 会 韩
2356.jpg	假 挡 荡 甲
1237.jpg	当 光 畸 幌
2042.jpg	降 飞 害 降
2109.jpg	阶 卉 吉 假
2863.jpg	刀 亥 角 广
2136.jpg	悔 话 会 江
559.jpg	角 获 江 稼
143.jpg	画 贯 窖 轨
353.jpg	剿 鸡 圾 荡
2988.jpg	剿 货 党 畸
1254.jpg	椒 恢 欢 卉
1288.jpg	哥 解 甲 椒
1705.jpg	画 货 剿 抖
1129.jpg	氦 还 卉 矫
904.jpg	轨 较 惑 酵
2038.jpg	椒 脚 窖 皆
2756.jpg	酵 幻 窖 稼
1052.jpg	矫 节 沪 飞
2727.jpg	夺 皆 贯 巩
2575.jpg	汇 酵 怀 档
2009.jpg	规 姜 挡 会
777.jpg	交 浇 氦 回
1609.jpg	剿 诞 甲 哥
1977.jpg	窖 交 缴 规
216.jpg	活 假 党 巩
1684.jpg	借 发 惶 杰
2519.jpg	酵 积 降 孩
1392.jpg	姜 归 匠 伏
438.jpg	憨 矫 会 寒
518.jpg	江 当 晦 旱
96.jpg	窖 骇 婚 圾
8.jpg	勾 患 缴 较
935.jpg	怀 洁 讲 积
1747.jpg	亥 借 椒 患
924.jpg	恢 华 寒 氦
1738.jpg	畸 活 怀 借
385.jpg	兼 介 幅 寒
1182.jpg	抖 挥 阶 挡
555.jpg	瑰 患 活 交
289.jpg	会 脚 骇 挥
1096.jpg	发 光 贯 积
2249.jpg	抖 恢 圾 窖
2264.jpg	惑 还 飞 货
2655.jpg	荡 华 幻 碘
2396.jpg	硅 皆 鸡 较
85.jpg	洁 孩 怀 获
2188.jpg	弹 欢 阶 沪
2048.jpg	党 酵 洁 酵
807.jpg	兼 姜 轨 肩
887.jpg	晦 尖 角 韩
1363.jpg	沪 皆 甲 广
2877.jpg	降 椒 兼 积
696.jpg	解 轨 轨 卉
732.jpg	将 荤 当 惶
2429.jpg	飞 亥 怀 歌
336.jpg	介 焦 阿 交
2893.jpg	焦 坚 脚 浑
2407.jpg	圾 汇 肩 亥
2947.jpg	解 怀 芥 淡
1229.jpg	交 荡 焦 讲
1119.jpg	抖 回 荡 画
2284.jpg	卉 光 孩 吉
1842.jpg	幌 稼 卉 刀
2478.jpg	婚 积 肺 韩
2705.jpg	刀 脚 幻 惶
968.jpg	积 当 荤 积
1802.jpg	孩 憨 积 刀
2884.jpg	夺 介 阶 挥
1142.jpg	姜 当 剿 寒
2092.jpg	飞 鸡 广 骇
832.jpg	江 恢 规 啊
813.jpg	将 焦 喊 回
1185.jpg	挥 肺 飞 酵
2509.jpg	卉 共 讲 甲
912.jpg	档 椒 卉 汇
322.jpg	碘 借 缴 肺
2905.jpg	发 降 哥 货
878.jpg	将 弓 将 话
2554.jpg	发 广 发 角
2493.jpg	阿 巩 恢 皆
2945.jpg	党 阿 轨 黄
2196.jpg	皆 坚 喊 档
1789.jpg	还 幌 鸡 沪
1887.jpg	芥 椒 轨 电
564.jpg	挥 诞 会 介
1368.jpg	脚 当 挡 汇
2508.jpg	巩 监 勾 监
373.jpg	当 淀 怀 积
496.jpg	勾 皆 旱 党
2607.jpg	幻 啊 矫 会
2426.jpg	讲 淡 挥 江
957.jpg	荡 沪 甲 假
486.jpg	伏 淀 幌 荤
1806.jpg	畸 焦 海 巩
2637.jpg	害 歌 畸 话
857.jpg	会 讲 夺 夺
142.jpg	共 韩 光 惑
2079.jpg	还 积 将 害
1916.jpg	脚 幌 皆 党
383.jpg	轨 汇 喊 共
1492.jpg	交 脚 幻 发
2803.jpg	归 发 降 华
2106.jpg	瑰 婚 幻 悔
1565.jpg	积 讲 监 广
1686.jpg	悔 酵 会 较
2047.jpg	介 会 华 浑
1617.jpg	旱 光 当 稼
1756.jpg	获 挡 悔 货
1646.jpg	歌 淡 华 妇
2278.jpg	晦 告 稼 黄
2718.jpg	酵 惯 光 韩
2466.jpg	脚 荤 恢 降
2028.jpg	惑 浇 稼 碘
536.jpg	黄 幌 缴 稼
1312.jpg	回 兼 规 孩
1569.jpg	芥 介 皆 较
1353.jpg	节 缴 较 淡
1308.jpg	角 抖 淀 皆
867.jpg	获 睫 怀 欢
227.jpg	悔 积 规 当
698.jpg	降 淡 降 窖
1957.jpg	发 蛋 荡 浇
1997.jpg	交 话 憨 监
2204.jpg	旱 矫 刀 惯
56.jpg	皆 氦 黄 规
162.jpg	借 甲 伏 淀
1589.jpg	回 幻 当 碘
1845.jpg	欢 幅 恢 挡
254.jpg	骇 惶 活 阶
1197.jpg	婚 光 幅 淡
1463.jpg	惯 勾 焦 借
1452.jpg	将 荡 肩 挥
1552.jpg	汇 归 妇 沪
535.jpg	瑰 孩 弹 幌
319.jpg	剿 积 刀 伏
1386.jpg	婚 荡 幻 挥
1196.jpg	皆 芥 晦 缴
1755.jpg	阶 规 海 话
1402.jpg	稼 当 电 戒
457.jpg	酵 卉 圾 憨
1023.jpg	轨 刀 还 寒
333.jpg	啊 缴 阶 伏
1606.jpg	脚 吉 坚 还
1875.jpg	兼 甲 肩 剿
1823.jpg	降 韩 妇 杰
276.jpg	皆 患 硅 亥
2546.jpg	荡 喊 悔 幌
2032.jpg	寒 回 介 喊
57.jpg	话 光 幅 活
2168.jpg	诞 孩 降 芥
617.jpg	害 皆 广 姜
112.jpg	欢 弓 归 介
2388.jpg	幅 畸 椒 惶
2313.jpg	姜 婚 获 圾
2258.jpg	电 介 巩 会
1428.jpg	杰 硅 戒 勾
1384.jpg	蛋 轨 积 讲
2726.jpg	监 挡 剿 共
2372.jpg	华 荤 碘 矫
952.jpg	婚 剿 巩 回
842.jpg	卉 酵 夺 哥
966.jpg	韩 皆 共 弓
1349.jpg	勾 回 妇 肺
2999.jpg	硅 硅 皆 荤
739.jpg	共 话 获 广
933.jpg	较 喊 晦 瑰
2855.jpg	幻 芥 皆 恢
2413.jpg	睫 飞 会 弹
1346.jpg	妇 汇 瑰 荡
2089.jpg	降 飞 当 获
2818.jpg	歌 巩 洁 哥
494.jpg	稼 亥 发 惯
747.jpg	畸 欢 轨 怀
2056.jpg	诞 亥 椒 夺
936.jpg	会 旱 积 洁
1592.jpg	当 交 孩 匠
32.jpg	角 啊 共 归
1139.jpg	圾 稼 幻 喊
2762.jpg	杰 勾 卉 芥
1967.jpg	夺 荡 共 幻
433.jpg	窖 害 夺 蛋
799.jpg	获 患 飞 还
1743.jpg	淡 告 介 海
556.jpg	肩 瑰 硅 惯
436.jpg	积 画 汇 话
1495.jpg	坚 淀 共 弓
139.jpg	稼 巩 阿 寒
2224.jpg	光 沪 酵 借
1245.jpg	婚 刀 妇 剿
889.jpg	发 积 晦 亥
1839.jpg	骇 芥 亥 皆
2267.jpg	货 洁 弓 芥
2984.jpg	晦 皆 瑰 将
1376.jpg	剿 抖 画 回
1424.jpg	惯 焦 稼 孩
208.jpg	发 阶 刀 阿
1794.jpg	吉 淀 轨 鸡
765.jpg	兼 惑 肩 诞
1932.jpg	尖 海 碘 轨
1812.jpg	档 归 矫 酵
609.jpg	肺 矫 焦 匠
2078.jpg	讲 交 挡 杰
1572.jpg	话 飞 浇 刀
1808.jpg	怀 党 监 怀
2178.jpg	节 黄 稼 害
1797.jpg	戒 匠 圾 挡
308.jpg	晦 较 芥 幻
1688.jpg	啊 惑 巩 焦
1525.jpg	窖 获 回 尖
1117.jpg	广 借 贯 怀
2063.jpg	寒 婚 骇 酵
2453.jpg	杰 稼 甲 卉
2835.jpg	飞 弹 稼 啊
2504.jpg	节 告 孩 亥
1214.jpg	华 欢 尖 蛋
529.jpg	巩 货 活 发
2115.jpg	积 杰 骇 回
2809.jpg	碘 睫 刀 韩
1145.jpg	幌 还 患 党
1578.jpg	氦 讲 勾 货
2149.jpg	卉 憨 韩 兼
338.jpg	皆 画 哥 光
134.jpg	焦 刀 伏 氦
778.jpg	发 监 惑 洁
1342.jpg	飞 沪 缴 黄
2589.jpg	勾 欢 夺 戒
369.jpg	介 借 讲 啊
2093.jpg	孩 抖 会 皆
666.jpg	戒 诞 夺 肩
2674.jpg	尖 浇 伏 患
805.jpg	稼 骇 矫 戒
105.jpg	货 吉 阶 焦
2222.jpg	阶 惑 哥 惯
986.jpg	海 肩 轨 积
2817.jpg	抖 骇 华 鸡
2562.jpg	窖 飞 话 矫
1165.jpg	肩 弓 将 讲
1733.jpg	节 借 脚 当
1094.jpg	幅 孩 淀 勾
1926.jpg	将 酵 淡 坚
523.jpg	角 碘 黄 害
1359.jpg	甲 洁 剿 积
2354.jpg	幻 婚 喊 话
2237.jpg	讲 吉 旱 焦
2677.jpg	弹 皆 肩 惶
1556.jpg	轨 恢 淡 告
1557.jpg	话 当 寒 兼
1713.jpg	弓 档 江 党
2382.jpg	缴 憨 妇 鸡
195.jpg	荡 婚 飞 兼
1225.jpg	归 汇 角 弹
103.jpg	交 贯 贯 会
1844.jpg	惑 怀 匠 弹
2532.jpg	甲 蛋 黄 旱
1826.jpg	肺 获 孩 稼
1383.jpg	姜 阶 归 抖
2816.jpg	幌 皆 恢 阿
2458.jpg	归 幌 浑 姜
153.jpg	黄 害 告 欢
1549.jpg	发 获 角 档
1454.jpg	规 荡 骇 喊
395.jpg	酵 尖 脚 旱
2338.jpg	借 交 假 当
943.jpg	氦 歌 话 积
2126.jpg	话 弹 韩 姜
1575.jpg	浑 较 怀 弓
1837.jpg	光 降 巩 鸡
1854.jpg	稼 夺 害 缴
1943.jpg	还 海 憨 恢
352.jpg	介 阿 姜 孩
1907.jpg	寒 哥 会 解
1524.jpg	芥 甲 共 剿
2783.jpg	华 寒 戒 鸡
45.jpg	妇 画 甲 骇
2602.jpg	汇 惶 吉 淀
1488.jpg	假 共 矫 剿
217.jpg	肺 旱 姜 尖
1039.jpg	惶 芥 弹 吉
2432.jpg	节 矫 矫 害
1739.jpg	伏 广 沪 亥
1634.jpg	姜 解 角 睫
712.jpg	妇 悔 轨 电
2672.jpg	甲 睫 规 酵
2932.jpg	积 姜 规 寒
2299.jpg	皆 广 沪 皆
1657.jpg	姜 皆 缴 汇
1877.jpg	硅 硅 弹 话
286.jpg	挡 浑 获 荡
244.jpg	活 淡 诞 挡
386.jpg	话 货 杰 发
794.jpg	告 淡 杰 淀
1469.jpg	沪 刀 晦 讲
2758.jpg	积 广 将 稼
2183.jpg	肩 欢 悔 肺
2329.jpg	党 还 挥 幻
1604.jpg	讲 较 亥 轨
2647.jpg	海 匠 讲 卉
1982.jpg	戒 挡 惶 幻
2963.jpg	交 积 稼 椒
2244.jpg	归 讲 缴 圾
1787.jpg	畸 睫 话 夺
2873.jpg	巩 畸 巩 碘
429.jpg	幅 画 旱 积
2345.jpg	伏 沪 回 晦
297.jpg	兼 杰 获 孩
2656.jpg	肩 晦 江 话
1138.jpg	洁 电 畸 惯
2649.jpg	矫 伏 规 戒
1908.jpg	回 歌 勾 荤
686.jpg	戒 淀 剿 华
2929.jpg	档 惑 荤 华
1892.jpg	蛋 皆 悔 汇
1639.jpg	江 勾 缴 当
1644.jpg	妇 抖 假 弓
1112.jpg	婚 姜 会 假
1046.jpg	怀 哥 洁 监
532.jpg	瑰 憨 缴 睫
1409.jpg	角 尖 畸 电
1712.jpg	欢 硅 刀 脚
1115.jpg	监 汇 货 怀
424.jpg	夺 欢 幅 惑
2486.jpg	弓 皆 海 窖
508.jpg	皆 畸 肩 淡
18.jpg	获 矫 恢 喊
2312.jpg	将 婚 诞 阿
1537.jpg	借 轨 缴 悔
1538.jpg	挡 荡 洁 矫
1866.jpg	借 旱 剿 惑
1018.jpg	尖 会 肺 惯
292.jpg	坚 档 阿 活
2857.jpg	淀 酵 荡 讲
1324.jpg	幌 硅 瑰 坚
1433.jpg	飞 规 硅 较
745.jpg	韩 弓 淀 妇
1846.jpg	憨 瑰 瑰 交
785.jpg	患 恢 韩 诞
1833.jpg	活 惶 晦 孩
392.jpg	鸡 惶 华 电
2867.jpg	还 沪 获 轨
835.jpg	皆 硅 会 椒
1272.jpg	酵 姜 硅 皆
537.jpg	阿 患 告 电
959.jpg	汇 惯 诞 抖
2475.jpg	汇 解 睫 浑
2456.jpg	剿 积 亥 归
1964.jpg	皆 发 档 脚
1807.jpg	积 共 杰 浇
1448.jpg	抖 活 货 告
2377.jpg	荤 惯 贯 酵
2265.jpg	介 借 浇 肩
1169.jpg	惑 啊 规 氦
2247.jpg	淡 鸡 吉 角
1836.jpg	甲 脚 电 飞
2843.jpg	弓 皆 妇 惶
1816.jpg	恢 焦 较 寒
418.jpg	光 害 窖 淡
2097.jpg	回 恢 告 画
545.jpg	酵 皆 幻 硅
214.jpg	幻 椒 洁 憨
147.jpg	当 沪 甲 缴
1473.jpg	稼 窖 沪 共
1217.jpg	光 华 轨 节
883.jpg	氦 匠 获 交
528.jpg	碘 哥 告 卉
29.jpg	轨 喊 亥 幻
1157.jpg	勾 光 借 当
1848.jpg	肺 皆 惶 脚
2162.jpg	党 积 档 硅
344.jpg	瑰 皆 歌 伏
242.jpg	海 将 韩 解
1377.jpg	匠 匠 江 韩
972.jpg	华 瑰 幌 勾
2113.jpg	瑰 窖 当 回
918.jpg	弓 匠 憨 憨
2934.jpg	妇 回 角 脚
1412.jpg	角 规 积 浑
2134.jpg	戒 电 氦 害
1143.jpg	规 挥 硅 介
249.jpg	挡 惑 旱 汇
1576.jpg	解 瑰 话 交
48.jpg	匠 惯 较 酵
2279.jpg	皆 惶 亥 刀
2915.jpg	害 亥 骇 会
679.jpg	话 矫 画 淡
1587.jpg	党 交 骇 坚
1793.jpg	诞 抖 讲 患
206.jpg	淀 幅 晦 货
623.jpg	沪 甲 贯 皆
1218.jpg	规 黄 骇 焦
998.jpg	海 畸 惯 刀
1057.jpg	归 话 恢 幻
1285.jpg	啊 卉 抖 归
1758.jpg	规 淡 降 淀
1113.jpg	碘 圾 害 啊
993.jpg	皆 皆 共 借
1306.jpg	解 抖 荤 共
2373.jpg	浇 发 将 芥
1625.jpg	椒 恢 党 共
1543.jpg	椒 发 广 归
2483.jpg	幻 惶 妇 鸡
2359.jpg	怀 较 告 挡
2116.jpg	货 瑰 卉 惶
656.jpg	肺 旱 荡 晦
856.jpg	惯 窖 焦 蛋
1897.jpg	悔 剿 沪 剿
177.jpg	借 节 归 淀
2218.jpg	睫 光 啊 弹
2535.jpg	稼 归 亥 荡
766.jpg	沪 害 惶 归
1104.jpg	剿 脚 惯 还
379.jpg	韩 淀 哥 戒
1716.jpg	酵 旱 华 匠
2595.jpg	江 戒 回 弓
84.jpg	监 荤 碘 歌
1506.jpg	交 匠 轨 窖
1994.jpg	亥 挡 婚 淡
2767.jpg	患 档 荡 恢
1685.jpg	广 弹 亥 怀
2973.jpg	伏 芥 坚 幻
36.jpg	韩 介 贯 勾
716.jpg	剿 伏 兼 电
2993.jpg	较 江 阿 回
2177.jpg	诞 骇 画 晦
2565.jpg	兼 寒 晦 芥
2696.jpg	寒 甲 尖 假
2553.jpg	较 韩 交 阿
1302.jpg	缴 欢 幻 勾
2262.jpg	卉 欢 海 吉
2499.jpg	芥 碘 哥 飞
2859.jpg	害 兼 角 挡
1697.jpg	惯 较 憨 肺
1417.jpg	淀 兼 喊 规
1283.jpg	碘 患 解 荤
2142.jpg	皆 沪 降 淡
689.jpg	将 话 阶 害
1976.jpg	货 浑 弓 夺
2184.jpg	晦 喊 积 幻
758.jpg	惯 监 皆 恢
1652.jpg	轨 活 兼 档
2588.jpg	巩 浇 睫 畸
1327.jpg	飞 勾 吉 抖
2624.jpg	江 畸 档 卉
846.jpg	挥 姜 淀 降
1925.jpg	旱 当 解 幅
2419.jpg	解 夺 杰 海
2465.jpg	较 华 话 交
2985.jpg	积 浇 歌 芥
1512.jpg	海 窖 悔 啊
2543.jpg	皆 弹 甲 幻
1267.jpg	弓 圾 甲 规
568.jpg	孩 甲 肺 交
2878.jpg	皆 瑰 广 肩
637.jpg	椒 海 姜 幌
1005.jpg	借 惑 焦 话
458.jpg	画 共 缴 妇
2898.jpg	华 怀 吉 幻
1489.jpg	孩 怀 硅 告
2425.jpg	稼 活 肺 椒
2952.jpg	挥 晦 解 硅
1147.jpg	怀 还 还 皆
1329.jpg	沪 获 荡 悔
2209.jpg	电 韩 肩 档
2992.jpg	肩 椒 飞 欢
2604.jpg	歌 角 硅 碘
798.jpg	角 恢 活 浇
488.jpg	电 荡 憨 回
1089.jpg	轨 解 江 广
2409.jpg	光 监 害 还
2545.jpg	婚 刀 活 酵
1387.jpg	晦 戒 韩 害
913.jpg	欢 肺 勾 回
2563.jpg	荡 当 矫 姜
263.jpg	沪 瑰 借 矫
1453.jpg	告 幻 淡 芥
2308.jpg	光 患 电 窖
285.jpg	兼 芥 飞 浇
196.jpg	海 发 肺 婚
2537.jpg	沪 骇 瑰 阿
1328.jpg	碘 当 海 窖
588.jpg	积 吉 广 骇
59.jpg	杰 夺 矫 吉
1408.jpg	阶 回 皆 喊
764.jpg	喊 获 江 黄
1208.jpg	怀 华 夺 畸
579.jpg	戒 江 婚 肺
1963.jpg	害 旱 皆 甲
1355.jpg	回 幻 尖 硅
245.jpg	亥 当 伏 轨
2496.jpg	华 患 酵 阿
1509.jpg	酵 焦 档 淡
2317.jpg	尖 黄 弹 蛋
1514.jpg	档 海 矫 刀
728.jpg	坚 椒 肺 旱
1195.jpg	党 光 皆 窖
412.jpg	将 幻 轨 睫
899.jpg	害 贯 假 汇
2828.jpg	话 硅 幌 角
996.jpg	肩 货 吉 节
2.jpg	节 婚 椒 解
2518.jpg	交 共 歌 姜
1566.jpg	假 交 活 圾
2179.jpg	监 挡 畸 贯
1814.jpg	挥 淀 假 浇
1399.jpg	告 洁 旱 碘
1343.jpg	规 共 荡 戒
1156.jpg	鸡 规 阿 姜
1679.jpg	戒 将 戒 夺
17.jpg	硅 婚 画 戒
2365.jpg	幌 光 海 甲
404.jpg	婚 稼 海 脚
995.jpg	匠 档 尖 画
746.jpg	华 甲 亥 淀
2744.jpg	匠 角 光 惑
1316.jpg	诞 怀 浑 广
1494.jpg	卉 氦 贯 浇
1582.jpg	积 骇 海 芥
676.jpg	患 光 怀 飞
1507.jpg	硅 害 脚 皆
1696.jpg	恢 圾 华 皆
233.jpg	讲 甲 光 杰
498.jpg	尖 剿 党 睫
1153.jpg	阿 脚 电 借
2702.jpg	鸡 还 江 党
2643.jpg	浇 诞 伏 贯
554.jpg	酵 妇 伏 甲
2435.jpg	挡 兼 角 婚
2698.jpg	沪 讲 积 欢
362.jpg	华 画 刀 贯
2832.jpg	假 介 椒 介
1019.jpg	荤 获 监 淡
327.jpg	获 挡 光 获
2805.jpg	骇 贯 杰 汇
1884.jpg	硅 怀 货 飞
2358.jpg	诞 勾 黄 挡
2525.jpg	巩 挡 挥 获
2292.jpg	韩 活 淀 窖
2846.jpg	降 哥 卉 荤
2802.jpg	韩 皆 汇 阿
1047.jpg	尖 杰 缴 伏
2968.jpg	电 浇 归 广
1394.jpg	尖 解 皆 妇
106.jpg	监 弹 瑰 悔
1559.jpg	话 蛋 交 沪
2387.jpg	哥 幌 瑰 兼
2193.jpg	监 孩 江 惶
2513.jpg	淀 电 酵 洁
2328.jpg	共 角 轨 矫
2998.jpg	归 欢 荡 画
925.jpg	惑 旱 档 亥
1849.jpg	酵 归 坚 荡
2885.jpg	欢 将 洁 淀
2366.jpg	睫 将 阶 荡
1317.jpg	告 剿 幻 蛋
2972.jpg	韩 货 氦 歌
2689.jpg	光 欢 浇 画
368.jpg	坚 悔 鸡 恢
1824.jpg	焦 惶 氦 畸
387.jpg	肺 幅 弓 将
2234.jpg	积 活 海 哥
2685.jpg	脚 婚 碘 肩
788.jpg	节 幻 档 沪
109.jpg	借 话 弓 坚
1366.jpg	硅 发 脚 交
635.jpg	矫 酵 将 降
1709.jpg	憨 恢 获 还
2872.jpg	诞 稼 肺 党
845.jpg	规 啊 抖 亥
665.jpg	荡 抖 挥 勾
1035.jpg	夺 孩 脚 画
2243.jpg	惑 欢 交 兼
1545.jpg	借 诞 发 轨
1148.jpg	阿 芥 节 角
1292.jpg	戒 矫 婚 幻
2766.jpg	共 幻 党 姜
323.jpg	淀 阶 归 尖
439.jpg	寒 氦 兼 韩
2336.jpg	会 妇 悔 焦
724.jpg	江 歌 介 矫
2245.jpg	江 话 共 碘
525.jpg	妇 告 挥 妇
2868.jpg	卉 淡 介 画
2467.jpg	婚 飞 活 恢
1095.jpg	惯 规 抖 贯
1937.jpg	椒 降 将 光
2463.jpg	坚 兼 介 焦
1526.jpg	阿 黄 沪 甲
692.jpg	沪 亥 戒 缴
2626.jpg	介 阿 甲 货
1264.jpg	怀 抖 椒 画
619.jpg	稼 芥 解 瑰
2469.jpg	活 交 瑰 皆
1044.jpg	韩 韩 将 诞
2663.jpg	抖 恢 幻 酵
2748.jpg	卉 规 抖 脚
475.jpg	会 较 告 淡
744.jpg	肩 戒 沪 憨
2958.jpg	告 积 积 歌
1718.jpg	椒 画 解 害
592.jpg	婚 芥 解 积
1788.jpg	肩 告 话 啊
648.jpg	肩 蛋 患 告
937.jpg	怀 诞 伏 话
1257.jpg	诞 畸 幌 尖
786.jpg	电 韩 芥 晦
1122.jpg	弓 讲 稼 荡
2544.jpg	欢 阶 淡 卉
1373.jpg	幌 轨 畸 当
454.jpg	华 肩 洁 惑
2015.jpg	规 浇 假 欢
1768.jpg	憨 亥 坚 角
1555.jpg	兼 脚 刀 获
2367.jpg	婚 妇 较 氦
942.jpg	患 挥 畸 幻
1742.jpg	获 共 弹 挡
1804.jpg	阿 海 档 当
717.jpg	戒 监 飞 害
2772.jpg	浇 浇 寒 惯
2502.jpg	飞 弹 韩 惑
1432.jpg	硅 话 哥 讲
2232.jpg	睫 瑰 恢 稼
552.jpg	挥 画 活 欢
1084.jpg	夺 浑 怀 回
1437.jpg	姜 芥 角 画
2254.jpg	憨 飞 恢 洁
349.jpg	规 喊 会 光
2006.jpg	介 降 匠 坚
1347.jpg	姜 害 荤 贯
558.jpg	解 杰 窖 亥
146.jpg	会 汇 党 洁
2315.jpg	坚 怀 荡 兼
2706.jpg	党 婚 交 浇
2529.jpg	阶 汇 甲 甲
1017.jpg	皆 悔 浇 假
23.jpg	寒 党 挥 阶
2793.jpg	获 睫 角 江
1178.jpg	洁 浇 刀 肺
28.jpg	卉 脚 婚 戒
1598.jpg	憨 惑 芥 甲
683.jpg	浑 戒 广 淡
2606.jpg	伏 皆 皆 稼
1348.jpg	肺 惯 假 吉
539.jpg	夺 规 戒 姜
1075.jpg	告 光 吉 悔
223.jpg	会 韩 还 荡
2895.jpg	惯 椒 规 硅
2994.jpg	戒 借 勾 旱
1286.jpg	档 节 皆 夺
2289.jpg	荡 勾 电 规
437.jpg	华 假 惑 幻
909.jpg	睫 海 吉 介
1082.jpg	黄 寒 剿 尖
2579.jpg	发 氦 怀 弓
654.jpg	讲 弓 窖 坚
2236.jpg	会 获 姜 归
1172.jpg	活 亥 稼 贯
963.jpg	蛋 还 诞 归
1187.jpg	归 婚 戒 寒
1669.jpg	较 淡 淀 伏
2694.jpg	共 脚 当 假
1723.jpg	华 回 匠 当
2778.jpg	脚 歌 哥 交
2253.jpg	韩 惶 啊 甲
1516.jpg	会 骇 畸 党
158.jpg	沪 焦 诞 哥
92.jpg	硅 挡 畸 晦
1945.jpg	广 窖 尖 婚
1924.jpg	憨 姜 获 惯
2539.jpg	活 吉 广 贯
2653.jpg	介 卉 沪 姜
1438.jpg	肺 档 皆 皆
1674.jpg	幌 稼 歌 当
2057.jpg	荡 患 兼 交
2285.jpg	孩 告 回 恢
2325.jpg	肩 荤 矫 惑
179.jpg	害 哥 幌 矫
2082.jpg	皆 讲 档 浑
2584.jpg	窖 矫 伏 沪
1554.jpg	脚 旱 阿 话
734.jpg	交 惯 恢 告
1656.jpg	积 贯 阿 酵
1447.jpg	椒 肩 坚 哥
743.jpg	挥 发 亥 讲
258.jpg	歌 骇 沪 沪
2886.jpg	碘 较 芥 告
2084.jpg	刀 淀 光 哥
2054.jpg	圾 啊 瑰 淀
247.jpg	幌 瑰 沪 韩
685.jpg	旱 浇 惑 婚
2472.jpg	画 归 弹 贯
2098.jpg	缴 还 淀 恢
2274.jpg	姜 飞 窖 电
2912.jpg	圾 稼 回 患
2375.jpg	假 话 黄 介
1562.jpg	共 淀 氦 瑰
3.jpg	贯 广 黄 畸
2443.jpg	怀 诞 匠 碘
1037.jpg	解 惯 肺 华
2479.jpg	硅 幻 惶 黄
776.jpg	矫 巩 画 鸡
149.jpg	淡 荤 惑 角
1583.jpg	惯 哥 幻 卉
2045.jpg	黄 韩 害 幅
123.jpg	尖 椒 抖 哥
399.jpg	巩 广 矫 光
426.jpg	货 碘 抖 旱
2269.jpg	惯 亥 海 当
1275.jpg	监 当 较 瑰
47.jpg	幌 华 共 酵
168.jpg	还 共 活 脚
1734.jpg	亥 蛋 画 害
1276.jpg	妇 肩 电 回
1676.jpg	荤 蛋 瑰 洁
2257.jpg	浇 惑 畸 鸡
473.jpg	讲 荤 晦 华
1442.jpg	解 婚 悔 憨
1289.jpg	电 畸 浇 江
127.jpg	淀 光 黄 介
1706.jpg	阶 恢 旱 借
787.jpg	婚 坚 共 韩
1352.jpg	阶 睫 共 巩
49.jpg	缴 兼 阶 阿
1546.jpg	活 稼 惯 睫
2875.jpg	黄 妇 荤 还
886.jpg	婚 缴 海 害
2914.jpg	窖 皆 畸 会
1534.jpg	脚 坚 档 幅
597.jpg	较 刀 光 告
2708.jpg	惯 解 惯 浑
2556.jpg	瑰 哥 惶 稼
2016.jpg	患 发 告 光
822.jpg	妇 飞 阿 货
1449.jpg	还 婚 假 哥
2676.jpg	圾 坚 畸 剿
2087.jpg	皆 肩 解 借
1273.jpg	旱 海 夺 怀
725.jpg	脚 硅 海 韩
497.jpg	杰 广 汇 碘
1894.jpg	婚 浇 画 卉
2848.jpg	浑 氦 戒 寒
2468.jpg	党 弹 将 共
2327.jpg	幌 淀 海 碘
317.jpg	抖 妇 伏 将
1069.jpg	讲 肩 规 积
226.jpg	惯 圾 活 酵
612.jpg	酵 皆 淀 巩
2452.jpg	尖 欢 华 卉
1927.jpg	憨 芥 甲 晦
455.jpg	抖 讲 共 寒
1369.jpg	光 瑰 获 挥
2389.jpg	歌 恢 电 寒
2416.jpg	韩 黄 骇 兼
2494.jpg	解 节 飞 回
642.jpg	刀 尖 荡 光
2582.jpg	歌 杰 伏 氦
2189.jpg	皆 阿 憨 匠
359.jpg	活 吉 脚 害
1995.jpg	挡 矫 椒 货
2668.jpg	勾 骇 阶 巩
1393.jpg	淡 飞 惑 监
122.jpg	啊 肺 幌 会
1443.jpg	洁 害 惶 窖
2693.jpg	惶 讲 晦 积
63.jpg	洁 韩 阿 共
1305.jpg	抖 吉 圾 幅
756.jpg	档 憨 荡 甲
343.jpg	弓 勾 汇 降
2044.jpg	挡 沪 轨 恢
2449.jpg	鸡 患 华 婚
2332.jpg	介 党 睫 硅
1167.jpg	夺 浑 憨 阿
587.jpg	矫 剿 恢 幅
1086.jpg	荤 共 伏 黄
1416.jpg	矫 哥 规 角
2088.jpg	皆 讲 芥 黄
499.jpg	害 匠 浇 介
1595.jpg	党 兼 解 抖
1915.jpg	货 皆 借 弓
133.jpg	解 挥 介 圾
1542.jpg	孩 电 幅 蛋
1118.jpg	婚 角 诞 亥
2976.jpg	皆 杰 借 挡
977.jpg	惑 骇 匠 圾
2058.jpg	畸 汇 杰 剿
185.jpg	惯 活 硅 脚
2769.jpg	发 洁 坚 幅
2515.jpg	焦 较 介 幅
1999.jpg	积 淡 挡 归
27.jpg	淀 当 亥 活
1636.jpg	椒 孩 害 角
2334.jpg	剿 碘 讲 江
25.jpg	骇 姜 荤 介
2002.jpg	降 惶 发 哥
1719.jpg	甲 阶 悔 会
1194.jpg	广 还 幻 瑰
2794.jpg	飞 酵 肩 党
2294.jpg	伏 幌 恢 啊
1736.jpg	光 喊 孩 姜
2386.jpg	芥 画 电 轨
1048.jpg	皆 肺 汇 阶
2337.jpg	恢 浇 窖 姜
1034.jpg	刀 浇 伏 诞
1934.jpg	电 皆 幻 海
906.jpg	江 焦 惯 归
2648.jpg	稼 戒 阿 脚
967.jpg	淀 哥 妇 党
2498.jpg	悔 规 杰 浇
345.jpg	江 婚 刀 戒
1724.jpg	阿 欢 淡 芥
2406.jpg	惯 夺 较 怀
2586.jpg	荤 啊 假 稼
2662.jpg	荡 较 借 沪
1585.jpg	档 华 当 降
1678.jpg	角 将 幅 窖
603.jpg	告 降 尖 告
1623.jpg	档 诞 矫 酵
542.jpg	汇 黄 告 监
2052.jpg	回 啊 卉 积
1832.jpg	害 解 恢 会
763.jpg	巩 电 借 哥
2847.jpg	兼 告 淡 肩
1917.jpg	鸡 婚 弓 碘
1013.jpg	党 怀 缴 歌
2035.jpg	妇 卉 害 惯
2775.jpg	吉 较 回 瑰
2487.jpg	怀 韩 解 节
2646.jpg	规 晦 夺 骇
989.jpg	旱 还 档 喊
1455.jpg	惶 贯 矫 交
1935.jpg	椒 怀 角 获
2263.jpg	肩 光 尖 睫
2854.jpg	悔 惯 广 骇
1779.jpg	弹 角 发 坚
402.jpg	寒 沪 氦 幻
398.jpg	晦 孩 圾 畸
796.jpg	光 规 肺 角
2853.jpg	洁 沪 会 降
976.jpg	角 悔 蛋 骇
432.jpg	较 皆 监 幌
527.jpg	获 电 肩 亥
2444.jpg	巩 鸡 坚 巩
2904.jpg	哥 党 肺 黄
1192.jpg	尖 惯 幅 江
1425.jpg	吉 杰 骇 卉
2226.jpg	患 鸡 姜 贯
1464.jpg	阿 稼 惑 瑰
1952.jpg	害 将 坚 幌
478.jpg	喊 介 节 圾
2122.jpg	幌 华 啊 焦
2364.jpg	坚 焦 当 喊
664.jpg	荤 戒 汇 姜
94.jpg	荡 欢 阿 角
12.jpg	降 电 党 啊
2476.jpg	解 会 获 将
1045.jpg	弹 喊 画 怀
2954.jpg	共 吉 汇 韩
2118.jpg	较 肺 假 窖
1309.jpg	飞 发 活 喊
266.jpg	孩 党 勾 幅
2207.jpg	交 婚 广 鸡
1036.jpg	稼 妇 婚 匠
2906.jpg	阶 窖 旱 杰
2096.jpg	幅 幻 还 积
52.jpg	婚 寒 江 回
2782.jpg	将 共 解 脚
916.jpg	欢 交 鸡 广
574.jpg	惯 荡 肩 畸
2852.jpg	较 尖 兼 当
2765.jpg	妇 回 电 姜
2133.jpg	交 硅 货 碘
2983.jpg	黄 当 幌 伏
1515.jpg	江 尖 飞 归
2896.jpg	讲 惑 吉 飞
626.jpg	害 广 戒 华
2095.jpg	啊 婚 睫 怀
302.jpg	氦 恢 角 怀
2199.jpg	患 杰 阶 肺
2749.jpg	焦 党 诞 较
2837.jpg	匠 喊 怀 肺
416.jpg	肩 幌 阶 巩
858.jpg	哥 皆 监 画
596.jpg	芥 畸 尖 杰
2333.jpg	歌 汇 华 杰
169.jpg	党 怀 规 婚
1233.jpg	蛋 喊 弹 歌
1818.jpg	稼 瑰 共 档
126.jpg	害 抖 江 寒
1125.jpg	芥 巩 归 韩
2357.jpg	惶 抖 江 姜
93.jpg	缴 弹 憨 恢
662.jpg	椒 杰 告 剿
704.jpg	伏 挥 告 党
718.jpg	荡 降 光 戒
1753.jpg	获 坚 阿 碘
209.jpg	汇 姜 兼 氦
2953.jpg	恢 孩 节 圾
2666.jpg	活 吉 画 积
547.jpg	勾 芥 沪 党
2384.jpg	肩 华 沪 圾
1268.jpg	稼 淀 剿 弹
337.jpg	获 画 党 介
2077.jpg	幅 轨 广 刀
2948.jpg	诞 歌 孩 皆
1505.jpg	吉 瑰 缴 弓
1326.jpg	电 规 幻 档
663.jpg	吉 荡 角 啊
1769.jpg	窖 弹 规 话
2725.jpg	圾 碘 旱 韩
358.jpg	海 规 皆 肩
1616.jpg	兼 假 杰 介
1942.jpg	氦 荡 夺 旱
1183.jpg	稼 缴 旱 兼
2899.jpg	患 匠 回 睫
2657.jpg	卉 还 婚 讲
896.jpg	酵 江 晦 孩
299.jpg	档 睫 角 惑
152.jpg	喊 会 淀 欢
618.jpg	肺 亥 皆 韩
2577.jpg	夺 规 黄 韩
1012.jpg	肺 巩 角 幅
482.jpg	幻 浑 监 妇
583.jpg	档 惶 积 睫
2779.jpg	卉 坚 淡 氦
847.jpg	讲 飞 交 广
204.jpg	恢 会 发 鸡
2608.jpg	借 阿 窖 荤
476.jpg	幅 兼 憨 哥
2665.jpg	归 借 共 甲
2557.jpg	巩 恢 兼 恢
2576.jpg	焦 甲 黄 患
2907.jpg	脚 坚 惶 规
1206.jpg	光 画 剿 贯
1016.jpg	尖 飞 江 幻
2438.jpg	江 贯 焦 婚
2786.jpg	哥 较 骇 挥
2583.jpg	尖 飞 幻 共
969.jpg	华 睫 杰 会
193.jpg	戒 贯 肺 阶
1456.jpg	汇 鸡 芥 回
864.jpg	幅 鸡 飞 婚
124.jpg	圾 告 电 轨
1445.jpg	畸 当 洁 芥
2773.jpg	会 话 幌 共
2686.jpg	吉 阶 肩 解
1918.jpg	卉 较 氦 较
2393.jpg	兼 焦 兼 夺
1028.jpg	节 挡 积 惑
606.jpg	浇 贯 归 氦
1618.jpg	弓 荤 活 惯
706.jpg	贯 歌 当 坚
2512.jpg	寒 恢 皆 将
759.jpg	洁 介 肺 将
2259.jpg	悔 戒 沪 坚
2755.jpg	瑰 坚 挥 骇
1988.jpg	阶 规 吉 巩
1888.jpg	坚 矫 欢 降
2667.jpg	幌 挡 还 假
2533.jpg	发 幌 尖 肩
2192.jpg	画 喊 电 沪
658.jpg	氦 降 贯 幅
2829.jpg	韩 韩 阿 惑
1215.jpg	恢 瑰 活 降
304.jpg	兼 节 淀 悔
1597.jpg	稼 黄 孩 会
2869.jpg	剿 恢 巩 氦
964.jpg	贯 哥 讲 憨
2348.jpg	交 降 夺 贯
2552.jpg	脚 江 华 惯
639.jpg	韩 规 姜 婚
2305.jpg	寒 获 鸡 畸
2075.jpg	喊 光 碘 惶
1962.jpg	夺 孩 窖 会
907.jpg	汇 淀 话 芥
2826.jpg	妇 档 交 戒
667.jpg	洁 荤 稼 飞
218.jpg	惑 酵 角 孩
844.jpg	孩 广 江 肩
987.jpg	伏 告 介 夺
722.jpg	洁 氦 孩 飞
2844.jpg	规 解 华 黄
484.jpg	洁 当 怀 剿
1243.jpg	甲 惯 蛋 将
1765.jpg	党 患 洁 挡
1439.jpg	讲 晦 共 睫
2437.jpg	焦 阶 会 患
669.jpg	幅 缴 皆 欢
752.jpg	监 淀 窖 诞
46.jpg	交 讲 歌 巩
955.jpg	刀 回 匠 睫
516.jpg	芥 恢 稼 阿
1344.jpg	挡 哥 氦 欢
1246.jpg	矫 惯 淀 当
1092.jpg	匠 伏 发 洁
575.jpg	夺 亥 矫 匠
1777.jpg	夺 规 光 悔
315.jpg	挥 解 椒 妇
834.jpg	汇 瑰 诞 矫
6.jpg	弹 借 坚 皆
1274.jpg	旱 货 硅 剿
2882.jpg	将 圾 飞 碘
1522.jpg	阿 恢 货 货
224.jpg	缴 窖 肺 监
1038.jpg	骇 尖 喊 荡
419.jpg	骇 话 沪 皆
2627.jpg	尖 巩 巩 还
2795.jpg	告 节 匠 害
1843.jpg	鸡 巩 戒 角
2524.jpg	回 当 杰 交
2743.jpg	黄 交 降 圾
1612.jpg	喊 诞 介 夺
855.jpg	寒 悔 荡 兼
274.jpg	共 角 规 脚
1322.jpg	脚 幻 幌 剿
2024.jpg	皆 降 浑 活
66.jpg	将 角 浑 啊
1136.jpg	焦 寒 椒 发
1867.jpg	共 交 假 弓
238.jpg	贯 寒 妇 骇
714.jpg	坚 怀 华 吉
384.jpg	剿 脚 节 降
2737.jpg	挥 畸 较 巩
1792.jpg	兼 尖 窖 畸
2613.jpg	肺 惶 共 畸
1093.jpg	归 矫 戒 惶
2506.jpg	窖 借 妇 发
222.jpg	剿 淀 沪 坚
726.jpg	喊 弓 监 较
2754.jpg	欢 芥 假 假
2555.jpg	角 恢 挥 解
1766.jpg	碘 害 妇 氦
332.jpg	节 介 获 节
1784.jpg	当 勾 婚 皆
2417.jpg	皆 亥 惶 归
264.jpg	啊 喊 啊 荡
882.jpg	剿 讲 共 浑
2235.jpg	缴 夺 借 抖
1508.jpg	寒 吉 幌 回
2323.jpg	妇 卉 骇 海
548.jpg	归 惑 介 杰
2787.jpg	椒 怀 硅 借
2763.jpg	江 飞 焦 较
922.jpg	弓 画 借 缴
2397.jpg	话 获 贯 货
2408.jpg	幌 碘 降 害
1467.jpg	旱 憨 贯 弹
1219.jpg	妇 杰 海 矫
219.jpg	瑰 阶 弹 焦
2798.jpg	积 骇 飞 患
1632.jpg	浇 荤 发 韩
2888.jpg	浇 幻 坚 洁
708.jpg	节 惯 欢 沪
1596.jpg	贯 刀 晦 韩
79.jpg	监 患 获 杰
452.jpg	婚 晦 欢 荡
1135.jpg	党 挡 恢 回
2723.jpg	挡 党 瑰 惑
175.jpg	伏 还 还 抖
1774.jpg	监 幅 角 恢
2445.jpg	夺 歌 吉 广
2687.jpg	怀 降 矫 吉
602.jpg	伏 夺 肺 幌
2164.jpg	节 骇 沪 弓
2682.jpg	骇 回 幌 椒
2129.jpg	阿 活 惑 挡
809.jpg	广 角 哥 骇
1983.jpg	尖 剿 戒 节
1737.jpg	发 告 货 节
1895.jpg	飞 华 恢 汇
1783.jpg	吉 坚 稼 惑
1828.jpg	幌 肩 档 幌
305.jpg	肩 黄 解 硅
513.jpg	荡 当 诞 旱
2808.jpg	孩 归 档 黄
2722.jpg	伏 共 幌 话
1568.jpg	江 歌 惑 沪
2298.jpg	睫 海 尖 刀
839.jpg	匠 浑 矫 骇
468.jpg	当 肺 戒 伏
1827.jpg	妇 轨 弓 寒
633.jpg	哥 江 较 歌
1803.jpg	夺 积 借 讲
1015.jpg	淡 阿 规 瑰
1692.jpg	江 憨 幅 肩
1699.jpg	将 害 肩 幌
1672.jpg	会 芥 坚 弓
2982.jpg	巩 活 还 圾
818.jpg	孩 惑 挡 惯
2026.jpg	阶 淀 亥 瑰
1959.jpg	弓 杰 话 归
335.jpg	剿 介 浑 缴
388.jpg	夺 妇 肺 监
229.jpg	规 亥 兼 节
472.jpg	韩 惑 欢 弓
895.jpg	回 歌 骇 阶
772.jpg	诞 幅 哥 电
2363.jpg	幌 黄 惯 脚
806.jpg	阿 发 惑 档
257.jpg	轨 挥 甲 杰
674.jpg	骇 憨 荤 挡
1395.jpg	旱 鸡 当 焦
719.jpg	活 憨 肩 啊
2275.jpg	介 亥 怀 汇
2865.jpg	华 窖 淡 孩
2768.jpg	挡 焦 韩 晦
2789.jpg	贯 婚 华 孩
859.jpg	哥 焦 喊 旱
114.jpg	获 窖 共 发
1277.jpg	婚 荡 喊 积
284.jpg	沪 寒 骇 晦
1193.jpg	洁 介 惑 姜
2747.jpg	旱 惯 将 圾
278.jpg	吉 弹 活 瑰
1103.jpg	缴 酵 幌 勾
1058.jpg	怀 角 贯 淀
465.jpg	降 华 幻 姜
55.jpg	姜 尖 夺 积
104.jpg	惑 画 剿 介
1064.jpg	吉 汇 甲 畸
892.jpg	碘 幅 幌 还
1985.jpg	角 氦 惑 歌
1579.jpg	妇 广 光 剿
2202.jpg	戒 阶 脚 诞
108.jpg	弓 江 碘 碘
614.jpg	抖 轨 挡 活
965.jpg	假 规 尖 幌
2353.jpg	哥 浇 歌 恢
1406.jpg	肩 坚 皆 归
2227.jpg	肩 会 华 沪
562.jpg	规 回 诞 讲
2099.jpg	鸡 降 活 贯
487.jpg	矫 汇 幻 兼
1134.jpg	荤 解 积 弓
2309.jpg	海 姜 旱 皆
843.jpg	画 旱 孩 监
2644.jpg	抖 党 畸 稼
625.jpg	幅 戒 哥 诞
1527.jpg	碘 稼 浑 氦
1687.jpg	回 还 党 弹
2083.jpg	弓 还 睫 坚
43.jpg	歌 缴 挥 弹
1905.jpg	哥 货 肺 归
1022.jpg	婚 稼 较 积
2064.jpg	碘 阿 幌 抖
2522.jpg	归 杰 广 喊
2127.jpg	勾 积 亥 当
1599.jpg	骇 晦 骇 孩
135.jpg	规 酵 角 鸡
144.jpg	骇 弹 幌 惑
374.jpg	芥 华 皆 婚
2454.jpg	瑰 蛋 芥 吉
2913.jpg	喊 党 积 氦
693.jpg	海 弓 阶 轨
2813.jpg	皆 浑 缴 悔
729.jpg	电 告 孩 角
2355.jpg	巩 监 假 会
2105.jpg	将 淀 坚 监
1714.jpg	积 话 剿 骇
1248.jpg	姜 诞 幌 浇
1435.jpg	兼 解 交 碘
2742.jpg	害 还 酵 剿
326.jpg	弓 获 浇 降
1226.jpg	肺 介 缴 椒
502.jpg	畸 告 画 肺
1654.jpg	鸡 匠 酵 睫
2392.jpg	骇 淡 降 皆
2157.jpg	海 回 党 档
1955.jpg	档 当 硅 尖
2159.jpg	皆 画 将 尖
2276.jpg	夺 交 皆 归
9.jpg	椒 夺 圾 讲
1969.jpg	夺 海 孩 欢
174.jpg	焦 妇 圾 甲
2464.jpg	惯 圾 归 伏
1284.jpg	畸 光 降 患
2528.jpg	肺 哥 匠 喊
1354.jpg	解 缴 弓 缴
604.jpg	幌 挥 阶 姜
988.jpg	矫 假 弓 江
2927.jpg	获 归 啊 硅
318.jpg	脚 骇 档 畸
1725.jpg	贯 缴 伏 浑
795.jpg	啊 电 归 卉
1427.jpg	荡 旱 肩 韩
